<?xml version="1.0" encoding="utf-8"?>
<!DOCTYPE hibernate-configuration SYSTEM 
"http://www.hibernate.org/dtd/hibernate-configuration-3.0.dtd">

<hibernate-configuration>
   <session-factory>
	   <property name="hibernate.dialect">
	      org.hibernate.dialect.MySQLDialect
	   </property>
	   <property name="hibernate.connection.driver_class">
	      com.mysql.jdbc.Driver
	   </property>
	
	   <!-- Assume test is the database name -->
	   <property name="hibernate.connection.url">
	      jdbc:mysql://localhost/FyndDb
	   </property>
	   <property name="hibernate.connection.username">
	      root
	   </property>
	   <property name="hibernate.connection.password">
	      root
	   </property>

		<mapping class="com.entities.Item"/>
		<mapping class="com.entities.SizeQuantity"/>
	</session-factory>
</hibernate-configuration>